Backup;Country;Region;Economy (GDP per Capita);Family;Freedom;Happiness Rank;Happiness Score;Health (Life Expectancy);Number of Records;Standard Error
Switzerland;Switzerland;Western Europe;1,39651;1,34951;0,66557;1;7,587;0,94143;1;0,03411
Iceland;Iceland;Western Europe;1,30232;1,40223;0,62877;2;7,561;0,94784;1;0,04884
Denmark;Denmark;Western Europe;1,32548;1,36058;0,64938;3;7,527;0,87464;1;0,03328
Norway;Norway;Western Europe;1,459;1,33095;0,66973;4;7,522;0,88521;1;0,0388
Canada;Canada;North America;1,32629;1,32261;0,63297;5;7,427;0,90563;1;0,03553
Finland;Finland;Western Europe;1,29025;1,31826;0,64169;6;7,406;0,88911;1;0,0314
Netherlands;Netherlands;Western Europe;1,32944;1,28017;0,61576;7;7,378;0,89284;1;0,02799
Sweden;Sweden;Western Europe;1,33171;1,28907;0,6598;8;7,364;0,91087;1;0,03157
New Zealand;New Zealand;Australia and New Zealand;1,25018;1,31967;0,63938;9;7,286;0,90837;1;0,03371
Australia;Australia;Australia and New Zealand;1,33358;1,30923;0,65124;10;7,284;0,93156;1;0,04083
Israel;Israel;Middle East and Northern Africa;1,22857;1,22393;0,41319;11;7,278;0,91387;1;0,0347
Costa Rica;Costa Rica;Latin America and Caribbean;0,95578;1,23788;0,63376;12;7,226;0,86027;1;0,04454
Austria;Austria;Western Europe;1,33723;1,29704;0,62433;13;7,2;0,89042;1;0,03751
Mexico;Mexico;Latin America and Caribbean;1,02054;0,91451;0,48181;14;7,187;0,81444;1;0,04176
United States;United States;North America;1,39451;1,24711;0,54604;15;7,119;0,86179;1;0,03839
Brazil;Brazil;Latin America and Caribbean;0,98124;1,23287;0,49049;16;6,983;0,69702;1;0,04076
Luxembourg;Luxembourg;Western Europe;1,56391;1,21963;0,61583;17;6,946;0,91894;1;0,03499
Ireland;Ireland;Western Europe;1,33596;1,36948;0,61777;18;6,94;0,89533;1;0,03676
Belgium;Belgium;Western Europe;1,30782;1,28566;0,5845;19;6,937;0,89667;1;0,03595
United Arab Emirates;United Arab Emirates;Middle East and Northern Africa;1,42727;1,12575;0,64157;20;6,901;0,80925;1;0,03729
United Kingdom;United Kingdom;Western Europe;1,26637;1,28548;0,59625;21;6,867;0,90943;1;0,01866
Oman;Oman;Middle East and Northern Africa;1,36011;1,08182;0,63274;22;6,853;0,76276;1;0,05335
Venezuela;Venezuela;Latin America and Caribbean;1,04424;1,25596;0,42908;23;6,81;0,72052;1;0,06476
Singapore;Singapore;Southeastern Asia;1,52186;1,02;0,54252;24;6,798;1,02525;1;0,0378
Panama;Panama;Latin America and Caribbean;1,06353;1,1985;0,5421;25;6,786;0,79661;1;0,0491
Germany;Germany;Western Europe;1,32792;1,29937;0,61477;26;6,75;0,89186;1;0,01848
Chile;Chile;Latin America and Caribbean;1,10715;1,12447;0,44132;27;6,67;0,85857;1;0,058
Qatar;Qatar;Middle East and Northern Africa;1,69042;1,0786;0,6404;28;6,611;0,79733;1;0,06257
France;France;Western Europe;1,27778;1,26038;0,55011;29;6,575;0,94579;1;0,03512
Argentina;Argentina;Latin America and Caribbean;1,05351;1,24823;0,44974;30;6,574;0,78723;1;0,04612
Czech Republic;Czech Republic;Central and Eastern Europe;1,17898;1,20643;0,46364;31;6,505;0,84483;1;0,04168
Uruguay;Uruguay;Latin America and Caribbean;1,06166;1,2089;0,60362;32;6,485;0,8116;1;0,04539
Colombia;Colombia;Latin America and Caribbean;0,91861;1,24018;0,53466;33;6,477;0,69077;1;0,05051
Thailand;Thailand;Southeastern Asia;0,9669;1,26504;0,55664;34;6,455;0,7385;1;0,03557
Saudi Arabia;Saudi Arabia;Middle East and Northern Africa;1,39541;1,08393;0,31048;35;6,411;0,72025;1;0,04633
Spain;Spain;Western Europe;1,23011;1,31379;0,45951;36;6,329;0,95562;1;0,03468
Malta;Malta;Western Europe;1,2074;1,30203;0,60365;37;6,302;0,88721;1;0,04206
Taiwan;Taiwan;Eastern Asia;1,29098;1,07617;0,3974;38;6,298;0,8753;1;0,03868
Kuwait;Kuwait;Middle East and Northern Africa;1,55422;1,16594;0,55499;39;6,295;0,72492;1;0,04456
Suriname;Suriname;Latin America and Caribbean;0,99534;0,972;0,59657;40;6,269;0,6082;1;0,09811
Trinidad and Tobago;Trinidad and Tobago;Latin America and Caribbean;1,21183;1,18354;0,55884;41;6,168;0,61483;1;0,10895
El Salvador;El Salvador;Latin America and Caribbean;0,76454;1,02507;0,4035;42;6,13;0,67737;1;0,05618
Guatemala;Guatemala;Latin America and Caribbean;0,74553;1,04356;0,57733;43;6,123;0,64425;1;0,05224
Uzbekistan;Uzbekistan;Central and Eastern Europe;0,63244;1,34043;0,65821;44;6,003;0,59772;1;0,04361
Slovakia;Slovakia;Central and Eastern Europe;1,16891;1,26999;0,31751;45;5,995;0,78902;1;0,04267
Japan;Japan;Eastern Asia;1,27074;1,25712;0,49615;46;5,987;0,99111;1;0,03581
South Korea;South Korea;Eastern Asia;1,24461;0,95774;0,33208;47;5,984;0,96538;1;0,04098
Ecuador;Ecuador;Latin America and Caribbean;0,86402;0,99903;0,48574;48;5,975;0,79075;1;0,04528
Bahrain;Bahrain;Middle East and Northern Africa;1,32376;1,21624;0,45492;49;5,96;0,74716;1;0,05412
Italy;Italy;Western Europe;1,25114;1,19777;0,26236;50;5,948;0,95446;1;0,03914
Bolivia;Bolivia;Latin America and Caribbean;0,68133;0,97841;0,57414;51;5,89;0,5392;1;0,05642
Moldova;Moldova;Central and Eastern Europe;0,59448;1,01528;0,32818;52;5,889;0,61826;1;0,03799
Paraguay;Paraguay;Latin America and Caribbean;0,75985;1,30477;0,53899;53;5,878;0,66098;1;0,04563
Kazakhstan;Kazakhstan;Central and Eastern Europe;1,12254;1,12241;0,51649;54;5,855;0,64368;1;0,04114
Slovenia;Slovenia;Central and Eastern Europe;1,18498;1,27385;0,60855;55;5,848;0,87337;1;0,04251
Lithuania;Lithuania;Central and Eastern Europe;1,14723;1,25745;0,21342;56;5,833;0,73128;1;0,03843
Nicaragua;Nicaragua;Latin America and Caribbean;0,59325;1,14184;0,55475;57;5,828;0,74314;1;0,05371
Peru;Peru;Latin America and Caribbean;0,90019;0,97459;0,41496;58;5,824;0,73017;1;0,04615
Belarus;Belarus;Central and Eastern Europe;1,03192;1,23289;0,37938;59;5,813;0,73608;1;0,03938
Poland;Poland;Central and Eastern Europe;1,12555;1,27948;0,53122;60;5,791;0,77903;1;0,04263
Malaysia;Malaysia;Southeastern Asia;1,12486;1,07023;0,53024;61;5,77;0,72394;1;0,0433
Croatia;Croatia;Central and Eastern Europe;1,08254;0,79624;0,25883;62;5,759;0,78805;1;0,04394
Libya;Libya;Middle East and Northern Africa;1,13145;1,11862;0,41668;63;5,754;0,7038;1;0,07832
Russia;Russia;Central and Eastern Europe;1,13764;1,23617;0,36679;64;5,716;0,66926;1;0,03135
Jamaica;Jamaica;Latin America and Caribbean;0,81038;1,15102;0,50442;65;5,709;0,68741;1;0,13693
North Cyprus;North Cyprus;Western Europe;1,20806;1,07008;0,49027;66;5,695;0,92356;1;0,05635
Cyprus;Cyprus;Western Europe;1,20813;0,89318;0,40672;67;5,689;0,92356;1;0,0558
Algeria;Algeria;Middle East and Northern Africa;0,93929;1,07772;0,28579;68;5,605;0,61766;1;0,05099
Kosovo;Kosovo;Central and Eastern Europe;0,80148;0,81198;0,24749;69;5,589;0,63132;1;0,05018
Turkmenistan;Turkmenistan;Central and Eastern Europe;0,95847;1,22668;0,4761;70;5,548;0,53886;1;0,04175
Mauritius;Mauritius;Sub-Saharan Africa;1,00761;0,98521;0,56066;71;5,477;0,7095;1;0,07197
Hong Kong;Hong Kong;Eastern Asia;1,38604;1,05818;0,59608;72;5,474;1,01328;1;0,05051
Estonia;Estonia;Central and Eastern Europe;1,15174;1,22791;0,44888;73;5,429;0,77361;1;0,04013
Indonesia;Indonesia;Southeastern Asia;0,82827;1,08708;0,46611;74;5,399;0,63793;1;0,02596
Vietnam;Vietnam;Southeastern Asia;0,63216;0,91226;0,59444;75;5,36;0,74676;1;0,03107
Turkey;Turkey;Middle East and Northern Africa;1,06098;0,94632;0,22815;76;5,332;0,73172;1;0,03864
Kyrgyzstan;Kyrgyzstan;Central and Eastern Europe;0,47428;1,15115;0,43477;77;5,286;0,65088;1;0,03823
Nigeria;Nigeria;Sub-Saharan Africa;0,65435;0,90432;0,34334;78;5,268;0,16007;1;0,04192
Bhutan;Bhutan;Southern Asia;0,77042;1,10395;0,53206;79;5,253;0,57407;1;0,03225
Azerbaijan;Azerbaijan;Central and Eastern Europe;1,02389;0,93793;0,3703;80;5,212;0,64045;1;0,03363
Pakistan;Pakistan;Southern Asia;0,59543;0,41411;0,12102;81;5,194;0,51466;1;0,03726
Jordan;Jordan;Middle East and Northern Africa;0,90198;1,05392;0,40661;82;5,192;0,69639;1;0,04524
Montenegro;Montenegro;Central and Eastern Europe;0,97438;0,90557;0,1826;82;5,192;0,72521;1;0,05235
China;China;Eastern Asia;0,89012;0,94675;0,51697;84;5,14;0,81658;1;0,02424
Zambia;Zambia;Sub-Saharan Africa;0,47038;0,91612;0,48827;85;5,129;0,29924;1;0,06988
Romania;Romania;Central and Eastern Europe;1,04345;0,88588;0,35068;86;5,124;0,7689;1;0,06607
Serbia;Serbia;Central and Eastern Europe;0,92053;1,00964;0,20107;87;5,123;0,74836;1;0,04864
Portugal;Portugal;Western Europe;1,15991;1,13935;0,51469;88;5,102;0,87519;1;0,04802
Latvia;Latvia;Central and Eastern Europe;1,11312;1,09562;0,29671;89;5,098;0,72437;1;0,0464
Philippines;Philippines;Southeastern Asia;0,70532;1,03516;0,62545;90;5,073;0,58114;1;0,04934
Somaliland Region;Somaliland region;Sub-Saharan Africa;0,18847;0,95152;0,46582;91;5,057;0,43873;1;0,06161
Morocco;Morocco;Middle East and Northern Africa;0,73479;0,64095;0,41691;92;5,013;0,60954;1;0,0342
Macedonia;Macedonia;Central and Eastern Europe;0,91851;1,00232;0,33457;93;5,007;0,73545;1;0,05376
Mozambique;Mozambique;Sub-Saharan Africa;0,08308;1,02626;0,34037;94;4,971;0,09131;1;0,07896
Albania;Albania;Central and Eastern Europe;0,87867;0,80434;0,35733;95;4,959;0,81325;1;0,05013
Bosnia and Herzegovina;Bosnia and Herzegovina;Central and Eastern Europe;0,83223;0,91916;0,09245;96;4,949;0,79081;1;0,06913
Lesotho;Lesotho;Sub-Saharan Africa;0,37545;1,04103;0,31767;97;4,898;0,07612;1;0,09438
Dominican Republic;Dominican Republic;Latin America and Caribbean;0,89537;1,17202;0,57672;98;4,885;0,66825;1;0,07446
Laos;Laos;Southeastern Asia;0,59066;0,73803;0,59591;99;4,876;0,54909;1;0,06698
Mongolia;Mongolia;Eastern Asia;0,82819;1,3006;0,43626;100;4,874;0,60268;1;0,03313
Swaziland;Swaziland;Sub-Saharan Africa;0,71206;1,07284;0,30658;101;4,867;0,07566;1;0,08742
Greece;Greece;Western Europe;1,15406;0,92933;0,07699;102;4,857;0,88213;1;0,05062
Lebanon;Lebanon;Middle East and Northern Africa;1,02564;0,80001;0,33916;103;4,839;0,83947;1;0,04337
Hungary;Hungary;Central and Eastern Europe;1,12094;1,20215;0,32112;104;4,8;0,75905;1;0,06107
Honduras;Honduras;Latin America and Caribbean;0,59532;0,95348;0,40148;105;4,788;0,6951;1;0,05648
Tajikistan;Tajikistan;Central and Eastern Europe;0,39047;0,85563;0,47216;106;4,786;0,57379;1;0,03198
Tunisia;Tunisia;Middle East and Northern Africa;0,88113;0,60429;0,26268;107;4,739;0,73793;1;0,03589
Palestinian Territories;Palestinian Territories;Middle East and Northern Africa;0,59867;0,92558;0,24499;108;4,715;0,66015;1;0,04394
Bangladesh;Bangladesh;Southern Asia;0,39753;0,43106;0,4082;109;4,694;0,60164;1;0,03077
Iran;Iran;Middle East and Northern Africa;1,0088;0,54447;0,30033;110;4,686;0,69805;1;0,04449
Ukraine;Ukraine;Central and Eastern Europe;0,79907;1,20278;0,25123;111;4,681;0,6739;1;0,04412
Iraq;Iraq;Middle East and Northern Africa;0,98549;0,81889;0;112;4,677;0,60237;1;0,05232
South Africa;South Africa;Sub-Saharan Africa;0,92049;1,18468;0,33207;113;4,642;0,27688;1;0,04585
Ghana;Ghana;Sub-Saharan Africa;0,54558;0,67954;0,42342;114;4,633;0,40132;1;0,04742
Zimbabwe;Zimbabwe;Sub-Saharan Africa;0,271;1,03276;0,25861;115;4,61;0,33475;1;0,0429
Liberia;Liberia;Sub-Saharan Africa;0,0712;0,78968;0,28531;116;4,571;0,34201;1;0,11068
India;India;Southern Asia;0,64499;0,38174;0,39786;117;4,565;0,51529;1;0,02043
Sudan;Sudan;Sub-Saharan Africa;0,52107;1,01404;0,10081;118;4,55;0,36878;1;0,0674
Haiti;Haiti;Latin America and Caribbean;0,26673;0,74302;0,24425;119;4,518;0,38847;1;0,07331
Congo (Kinshasa);Congo (Kinshasa);Sub-Saharan Africa;0;1,0012;0,22605;120;4,517;0,09806;1;0,0368
Nepal;Nepal;Southern Asia;0,35997;0,86449;0,38282;121;4,514;0,56874;1;0,03607
Ethiopia;Ethiopia;Sub-Saharan Africa;0,19073;0,60406;0,4345;122;4,512;0,44055;1;0,0378
Sierra Leone;Sierra Leone;Sub-Saharan Africa;0,33024;0,95571;0,4084;123;4,507;0;1;0,07068
Mauritania;Mauritania;Sub-Saharan Africa;0,45407;0,86908;0,24232;124;4,436;0,35874;1;0,03947
Kenya;Kenya;Sub-Saharan Africa;0,36471;0,99876;0,42215;125;4,419;0,41435;1;0,04734
Djibouti;Djibouti;Sub-Saharan Africa;0,44025;0,59207;0,46074;126;4,369;0,36291;1;0,08096
Armenia;Armenia;Central and Eastern Europe;0,76821;0,77711;0,19847;127;4,35;0,7299;1;0,04763
Botswana;Botswana;Sub-Saharan Africa;0,99355;1,10464;0,49495;128;4,332;0,04776;1;0,04934
Myanmar;Myanmar;Southeastern Asia;0,27108;0,70905;0,44017;129;4,307;0,48246;1;0,04351
Georgia;Georgia;Central and Eastern Europe;0,7419;0,38562;0,40577;130;4,297;0,72926;1;0,04221
Malawi;Malawi;Sub-Saharan Africa;0,01604;0,41134;0,43054;131;4,292;0,22562;1;0,0613
Sri Lanka;Sri Lanka;Southern Asia;0,83524;1,01905;0,53726;132;4,271;0,70806;1;0,03751
Cameroon;Cameroon;Sub-Saharan Africa;0,4225;0,88767;0,49309;133;4,252;0,23402;1;0,04678
Bulgaria;Bulgaria;Central and Eastern Europe;1,01216;1,10614;0,30587;134;4,218;0,76649;1;0,04828
Egypt;Egypt;Middle East and Northern Africa;0,8818;0,747;0,17288;135;4,194;0,61712;1;0,0326
Yemen;Yemen;Middle East and Northern Africa;0,54649;0,68093;0,35571;136;4,077;0,40064;1;0,04367
Angola;Angola;Sub-Saharan Africa;0,75778;0,8604;0,10384;137;4,033;0,16683;1;0,04758
Mali;Mali;Sub-Saharan Africa;0,26074;1,03526;0,38857;138;3,995;0,20583;1;0,05602
Congo (Brazzaville);Congo (Brazzaville);Sub-Saharan Africa;0,67866;0,6629;0,41466;139;3,989;0,31051;1;0,06682
Comoros;Comoros;Sub-Saharan Africa;0,23906;0,79273;0,22917;140;3,956;0,36315;1;0,04797
Uganda;Uganda;Sub-Saharan Africa;0,21102;1,13299;0,45727;141;3,931;0,33861;1;0,04317
Senegal;Senegal;Sub-Saharan Africa;0,36498;0,97619;0,36772;142;3,904;0,4354;1;0,03608
Gabon;Gabon;Sub-Saharan Africa;1,06024;0,90528;0,31914;143;3,896;0,43372;1;0,04547
Niger;Niger;Sub-Saharan Africa;0,0694;0,77265;0,47692;144;3,845;0,29707;1;0,03602
Cambodia;Cambodia;Southeastern Asia;0,46038;0,62736;0,66246;145;3,819;0,61114;1;0,05069
Tanzania;Tanzania;Sub-Saharan Africa;0,2852;1,00268;0,32878;146;3,781;0,38215;1;0,05061
Madagascar;Madagascar;Sub-Saharan Africa;0,20824;0,66801;0,19184;147;3,681;0,46721;1;0,03633
Central African Republic;Central African Republic;Sub-Saharan Africa;0,0785;0;0,48879;148;3,678;0,06699;1;0,06112
Chad;Chad;Sub-Saharan Africa;0,34193;0,76062;0,23501;149;3,667;0,1501;1;0,0383
Guinea;Guinea;Sub-Saharan Africa;0,17417;0,46475;0,37725;150;3,656;0,24009;1;0,0359
Ivory Coast;Ivory Coast;Sub-Saharan Africa;0,46534;0,77115;0,46866;151;3,655;0,15185;1;0,05141
Burkina Faso;Burkina Faso;Sub-Saharan Africa;0,25812;0,85188;0,39493;152;3,587;0,27125;1;0,04324
Afghanistan;Afghanistan;Southern Asia;0,31982;0,30285;0,23414;153;3,575;0,30335;1;0,03084
Rwanda;Rwanda;Sub-Saharan Africa;0,22208;0,7737;0,59201;154;3,465;0,42864;1;0,03464
Benin;Benin;Sub-Saharan Africa;0,28665;0,35386;0,4845;155;3,34;0,3191;1;0,03656
Syria;Syria;Middle East and Northern Africa;0,6632;0,47489;0,15684;156;3,006;0,72193;1;0,05015
Burundi;Burundi;Sub-Saharan Africa;0,0153;0,41587;0,1185;157;2,905;0,22396;1;0,08658
Togo;Togo;Sub-Saharan Africa;0,20868;0,13995;0,36453;158;2,839;0,28443;1;0,06727
Denmark;Denmark;Western Europe;1,44178;1,16374;0,57941;1;7,526;0,79504;1;
Switzerland;Switzerland;Western Europe;1,52733;1,14524;0,58557;2;7,509;0,86303;1;
Iceland;Iceland;Western Europe;1,42666;1,18326;0,56624;3;7,501;0,86733;1;
Norway;Norway;Western Europe;1,57744;1,1269;0,59609;4;7,498;0,79579;1;
Finland;Finland;Western Europe;1,40598;1,13464;0,57104;5;7,413;0,81091;1;
Canada;Canada;North America;1,44015;1,0961;0,5737;6;7,404;0,8276;1;
Netherlands;Netherlands;Western Europe;1,46468;1,02912;0,55211;7;7,339;0,81231;1;
New Zealand;New Zealand;Australia and New Zealand;1,36066;1,17278;0,58147;8;7,334;0,83096;1;
Australia;Australia;Australia and New Zealand;1,44443;1,10476;0,56837;9;7,313;0,8512;1;
Sweden;Sweden;Western Europe;1,45181;1,08764;0,58218;10;7,291;0,83121;1;
Israel;Israel;Middle East and Northern Africa;1,33766;0,99537;0,36432;11;7,267;0,84917;1;
Austria;Austria;Western Europe;1,45038;1,08383;0,54355;12;7,119;0,80565;1;
United States;United States;North America;1,50796;1,04782;0,48163;13;7,104;0,779;1;
Costa Rica;Costa Rica;Latin America and Caribbean;1,06879;1,02152;0,55225;14;7,087;0,76146;1;
Puerto Rico;Puerto Rico;Latin America and Caribbean;1,35943;1,08113;0,46823;15;7,039;0,77758;1;
Germany;Germany;Western Europe;1,44787;1,09774;0,53466;16;6,994;0,81487;1;
Brazil;Brazil;Latin America and Caribbean;1,08754;1,03938;0,40425;17;6,952;0,61415;1;
Belgium;Belgium;Western Europe;1,42539;1,05249;0,51354;18;6,929;0,81959;1;
Ireland;Ireland;Western Europe;1,48341;1,16157;0,54008;19;6,907;0,81455;1;
Luxembourg;Luxembourg;Western Europe;1,69752;1,03999;0,5487;20;6,871;0,84542;1;
Mexico;Mexico;Latin America and Caribbean;1,11508;0,7146;0,37709;21;6,778;0,71143;1;
Singapore;Singapore;Southeastern Asia;1,64555;0,86758;0,4877;22;6,739;0,94719;1;
United Kingdom;United Kingdom;Western Europe;1,40283;1,08672;0,50036;23;6,725;0,80991;1;
Chile;Chile;Latin America and Caribbean;1,2167;0,90587;0,37789;24;6,705;0,81883;1;
Panama;Panama;Latin America and Caribbean;1,18306;0,98912;0,48927;25;6,701;0,70835;1;
Argentina;Argentina;Latin America and Caribbean;1,15137;1,06612;0,42284;26;6,65;0,69711;1;
Czech Republic;Czech Republic;Central and Eastern Europe;1,30915;1,00793;0,41418;27;6,596;0,76376;1;
United Arab Emirates;United Arab Emirates;Middle East and Northern Africa;1,57352;0,87114;0,56215;28;6,573;0,72993;1;
Uruguay;Uruguay;Latin America and Caribbean;1,18157;1,03143;0,54388;29;6,545;0,72183;1;
Malta;Malta;Western Europe;1,30782;1,09879;0,54994;30;6,488;0,80315;1;
Colombia;Colombia;Latin America and Caribbean;1,03032;1,02169;0,44735;31;6,481;0,59659;1;
France;France;Western Europe;1,39488;1,00508;0,46562;32;6,478;0,83795;1;
Thailand;Thailand;Southeastern Asia;1,0893;1,04477;0,49553;33;6,474;0,64915;1;
Saudi Arabia;Saudi Arabia;Middle East and Northern Africa;1,48953;0,84829;0,37904;34;6,379;0,59267;1;
Taiwan;Taiwan;Eastern Asia;1,39729;0,92624;0,32377;34;6,379;0,79565;1;
Qatar;Qatar;Middle East and Northern Africa;1,82427;0,87964;0,56679;36;6,375;0,71723;1;
Spain;Spain;Western Europe;1,34253;1,12945;0,37545;37;6,361;0,87896;1;
Algeria;Algeria;Middle East and Northern Africa;1,05266;0,83309;0,21006;38;6,355;0,61804;1;
Guatemala;Guatemala;Latin America and Caribbean;0,83454;0,87119;0,50379;39;6,324;0,54039;1;
Suriname;Suriname;Latin America and Caribbean;1,09686;0,77866;0,52234;40;6,269;0,50933;1;
Kuwait;Kuwait;Middle East and Northern Africa;1,61714;0,87758;0,43166;41;6,239;0,63569;1;
Bahrain;Bahrain;Middle East and Northern Africa;1,44024;0,94397;0,47375;42;6,218;0,65696;1;
Trinidad and Tobago;Trinidad and Tobago;Latin America and Caribbean;1,32572;0,98569;0,48453;43;6,168;0,52608;1;
Venezuela;Venezuela;Latin America and Caribbean;1,13367;1,03302;0,19847;44;6,084;0,61904;1;
Slovakia;Slovakia;Central and Eastern Europe;1,27973;1,08268;0,23391;45;6,078;0,70367;1;
El Salvador;El Salvador;Latin America and Caribbean;0,8737;0,80975;0,37269;46;6,068;0,596;1;
Malaysia;Malaysia;Southeastern Asia;1,25142;0,88025;0,39031;47;6,005;0,62366;1;
Nicaragua;Nicaragua;Latin America and Caribbean;0,69384;0,89521;0,46582;48;5,992;0,65213;1;
Uzbekistan;Uzbekistan;Central and Eastern Europe;0,73591;1,1681;0,60848;49;5,987;0,50163;1;
Italy;Italy;Western Europe;1,35495;1,04167;0,18827;50;5,977;0,85102;1;
Ecuador;Ecuador;Latin America and Caribbean;0,97306;0,85974;0,4027;51;5,976;0,68613;1;
Belize;Belize;Latin America and Caribbean;0,87616;0,68655;0,51231;52;5,956;0,45569;1;
Japan;Japan;Eastern Asia;1,38007;1,06054;0,46761;53;5,921;0,91491;1;
Kazakhstan;Kazakhstan;Central and Eastern Europe;1,22943;0,95544;0,4052;54;5,919;0,57386;1;
Moldova;Moldova;Central and Eastern Europe;0,69177;0,83132;0,25202;55;5,897;0,52309;1;
Russia;Russia;Central and Eastern Europe;1,23228;1,05261;0,32682;56;5,856;0,58991;1;
Poland;Poland;Central and Eastern Europe;1,24585;1,04685;0,4519;57;5,835;0,69058;1;
South Korea;South Korea;Eastern Asia;1,35948;0,72194;0,25168;57;5,835;0,88645;1;
Bolivia;Bolivia;Latin America and Caribbean;0,79422;0,83779;0,50961;59;5,822;0,4697;1;
Lithuania;Lithuania;Central and Eastern Europe;1,2692;1,06411;0,18929;60;5,813;0,64674;1;
Belarus;Belarus;Central and Eastern Europe;1,13062;1,04993;0,29091;61;5,802;0,63104;1;
North Cyprus;North Cyprus;Western Europe;1,31141;0,81826;0,43596;62;5,771;0,84142;1;
Slovenia;Slovenia;Central and Eastern Europe;1,29947;1,05613;0,53164;63;5,768;0,79151;1;
Peru;Peru;Latin America and Caribbean;0,99602;0,81255;0,37502;64;5,743;0,62994;1;
Turkmenistan;Turkmenistan;Central and Eastern Europe;1,08017;1,03817;0,37408;65;5,658;0,44006;1;
Mauritius;Mauritius;Sub-Saharan Africa;1,14372;0,75695;0,46145;66;5,648;0,66189;1;
Libya;Libya;Middle East and Northern Africa;1,06688;0,95076;0,40672;67;5,615;0,52304;1;
Latvia;Latvia;Central and Eastern Europe;1,21788;0,95025;0,27996;68;5,56;0,63952;1;
Cyprus;Cyprus;Western Europe;1,31857;0,70697;0,29507;69;5,546;0,8488;1;
Paraguay;Paraguay;Latin America and Caribbean;0,89373;1,11111;0,46235;70;5,538;0,58295;1;
Romania;Romania;Central and Eastern Europe;1,1697;0,72803;0,36712;71;5,528;0,67602;1;
Estonia;Estonia;Central and Eastern Europe;1,27964;1,05163;0,41511;72;5,517;0,68098;1;
Jamaica;Jamaica;Latin America and Caribbean;0,89333;0,96372;0,43597;73;5,51;0,59469;1;
Croatia;Croatia;Central and Eastern Europe;1,18649;0,60809;0,23907;74;5,488;0,70524;1;
Hong Kong;Hong Kong;Eastern Asia;1,5107;0,87021;0,48079;75;5,458;0,95277;1;
Somalia;Somalia;Sub-Saharan Africa;0;0,33613;0,56778;76;5,44;0,11466;1;
Kosovo;Kosovo;Central and Eastern Europe;0,90145;0,66062;0,14396;77;5,401;0,54;1;
Turkey;Turkey;Middle East and Northern Africa;1,16492;0,87717;0,23889;78;5,389;0,64718;1;
Indonesia;Indonesia;Southeastern Asia;0,95104;0,87625;0,39237;79;5,314;0,49374;1;
Jordan;Jordan;Middle East and Northern Africa;0,99673;0,86216;0,36023;80;5,303;0,60712;1;
Azerbaijan;Azerbaijan;Central and Eastern Europe;1,12373;0,76042;0,35327;81;5,291;0,54504;1;
Philippines;Philippines;Southeastern Asia;0,81217;0,87877;0,54854;82;5,279;0,47036;1;
China;China;Eastern Asia;1,0278;0,79381;0,44012;83;5,245;0,73561;1;
Bhutan;Bhutan;Southern Asia;0,8527;0,90836;0,46074;84;5,196;0,49759;1;
Kyrgyzstan;Kyrgyzstan;Central and Eastern Europe;0,56044;0,95434;0,40212;85;5,185;0,55449;1;
Serbia;Serbia;Central and Eastern Europe;1,03437;0,81329;0,15718;86;5,177;0,6458;1;
Bosnia and Herzegovina;Bosnia and Herzegovina;Central and Eastern Europe;0,93383;0,64367;0,09511;87;5,163;0,70766;1;
Montenegro;Montenegro;Central and Eastern Europe;1,07838;0,74173;0,15111;88;5,161;0,63533;1;
Dominican Republic;Dominican Republic;Latin America and Caribbean;1,02787;0,99496;0,52259;89;5,155;0,57669;1;
Morocco;Morocco;Middle East and Northern Africa;0,84058;0,38595;0,25646;90;5,151;0,59471;1;
Hungary;Hungary;Central and Eastern Europe;1,24142;0,93164;0,1977;91;5,145;0,67608;1;
Pakistan;Pakistan;Southern Asia;0,68816;0,26135;0,14622;92;5,132;0,40306;1;
Lebanon;Lebanon;Middle East and Northern Africa;1,12268;0,64184;0,26228;93;5,129;0,76171;1;
Portugal;Portugal;Western Europe;1,27607;0,94367;0,44727;94;5,123;0,79363;1;
Macedonia;Macedonia;Central and Eastern Europe;1,0193;0,78236;0,27668;95;5,121;0,64738;1;
Vietnam;Vietnam;Southeastern Asia;0,74037;0,79117;0,55954;96;5,061;0,66157;1;
Somaliland Region;Somaliland Region;Sub-Saharan Africa;0,25558;0,75862;0,3913;97;5,057;0,33108;1;
Tunisia;Tunisia;Middle East and Northern Africa;0,97724;0,43165;0,23553;98;5,045;0,59577;1;
Greece;Greece;Western Europe;1,24886;0,75473;0,05822;99;5,033;0,80029;1;
Tajikistan;Tajikistan;Central and Eastern Europe;0,48835;0,75602;0,43408;100;4,996;0,53119;1;
Mongolia;Mongolia;Eastern Asia;0,98853;1,08983;0,35972;101;4,907;0,55469;1;
Laos;Laos;Southeastern Asia;0,68042;0,5497;0,52168;102;4,876;0,38291;1;
Nigeria;Nigeria;Sub-Saharan Africa;0,75216;0,64498;0,27854;103;4,875;0,05108;1;
Honduras;Honduras;Latin America and Caribbean;0,69429;0,75596;0,26755;104;4,871;0,58383;1;
Iran;Iran;Middle East and Northern Africa;1,11758;0,38857;0,22544;105;4,813;0,64232;1;
Zambia;Zambia;Sub-Saharan Africa;0,61202;0,6376;0,42662;106;4,795;0,23573;1;
Nepal;Nepal;Southern Asia;0,44626;0,69699;0,37012;107;4,793;0,50073;1;
Palestinian Territories;Palestinian Territories;Middle East and Northern Africa;0,67024;0,71629;0,17744;108;4,754;0,56844;1;
Albania;Albania;Central and Eastern Europe;0,9553;0,50163;0,31866;109;4,655;0,73007;1;
Bangladesh;Bangladesh;Southern Asia;0,54177;0,24749;0,39778;110;4,643;0,52989;1;
Sierra Leone;Sierra Leone;Sub-Saharan Africa;0,36485;0,628;0,30685;111;4,635;0;1;
Iraq;Iraq;Middle East and Northern Africa;1,07474;0,59205;0,24856;112;4,575;0,51076;1;
Namibia;Namibia;Sub-Saharan Africa;0,93287;0,70362;0,48614;113;4,574;0,34745;1;
Cameroon;Cameroon;Sub-Saharan Africa;0,52497;0,62542;0,42736;114;4,513;0,12698;1;
Ethiopia;Ethiopia;Sub-Saharan Africa;0,29283;0,37932;0,36703;115;4,508;0,34578;1;
South Africa;South Africa;Sub-Saharan Africa;1,02416;0,96053;0,42483;116;4,459;0,18611;1;
Sri Lanka;Sri Lanka;Southern Asia;0,97318;0,84783;0,50817;117;4,415;0,62007;1;
India;India;Southern Asia;0,74036;0,29247;0,40285;118;4,404;0,45091;1;
Myanmar;Myanmar;Southeastern Asia;0,34112;0,69981;0,42692;119;4,395;0,3988;1;
Egypt;Egypt;Middle East and Northern Africa;0,95395;0,49813;0,18847;120;4,362;0,52116;1;
Armenia;Armenia;Central and Eastern Europe;0,86086;0,62477;0,14037;121;4,36;0,64083;1;
Kenya;Kenya;Sub-Saharan Africa;0,52267;0,7624;0,40576;122;4,356;0,30147;1;
Ukraine;Ukraine;Central and Eastern Europe;0,87287;1,01413;0,12859;123;4,324;0,58628;1;
Ghana;Ghana;Sub-Saharan Africa;0,63107;0,49353;0,40973;124;4,276;0,29681;1;
Congo (Kinshasa);Congo (Kinshasa);Sub-Saharan Africa;0,05661;0,80676;0,15602;125;4,272;0,188;1;
Georgia;Georgia;Central and Eastern Europe;0,83792;0,19249;0,32461;126;4,252;0,64035;1;
Congo (Brazzaville);Congo (Brazzaville);Sub-Saharan Africa;0,77109;0,47799;0,37938;127;4,236;0,28212;1;
Senegal;Senegal;Sub-Saharan Africa;0,44314;0,77416;0,31056;128;4,219;0,40457;1;
Bulgaria;Bulgaria;Central and Eastern Europe;1,11306;0,92542;0,21219;129;4,217;0,67806;1;
Mauritania;Mauritania;Sub-Saharan Africa;0,61391;0,84142;0,1268;130;4,201;0,28639;1;
Zimbabwe;Zimbabwe;Sub-Saharan Africa;0,35041;0,71478;0,25429;131;4,193;0,1595;1;
Malawi;Malawi;Sub-Saharan Africa;0,08709;0,147;0,4143;132;4,156;0,29364;1;
Sudan;Sudan;Sub-Saharan Africa;0,63069;0,81928;0;133;4,139;0,29759;1;
Gabon;Gabon;Sub-Saharan Africa;1,15851;0,72368;0,28098;134;4,121;0,3494;1;
Mali;Mali;Sub-Saharan Africa;0,31292;0,86333;0,27544;135;4,073;0,16347;1;
Haiti;Haiti;Latin America and Caribbean;0,34097;0,29561;0,12072;136;4,028;0,27494;1;
Botswana;Botswana;Sub-Saharan Africa;1,09426;0,89186;0,44089;137;3,974;0,34752;1;
Comoros;Comoros;Sub-Saharan Africa;0,27509;0,60323;0,15412;138;3,956;0,29981;1;
Ivory Coast;Ivory Coast;Sub-Saharan Africa;0,55507;0,57576;0,40663;139;3,916;0,04476;1;
Cambodia;Cambodia;Southeastern Asia;0,55604;0,5375;0,58852;140;3,907;0,42494;1;
Angola;Angola;Sub-Saharan Africa;0,84731;0,66366;0,00589;141;3,866;0,04991;1;
Niger;Niger;Sub-Saharan Africa;0,1327;0,6053;0,38041;142;3,856;0,26162;1;
South Sudan;South Sudan;Sub-Saharan Africa;0,39394;0,18519;0,19662;143;3,832;0,15781;1;
Chad;Chad;Sub-Saharan Africa;0,42214;0,63178;0,12807;144;3,763;0,03824;1;
Burkina Faso;Burkina Faso;Sub-Saharan Africa;0,31995;0,63054;0,3337;145;3,739;0,21297;1;
Uganda;Uganda;Sub-Saharan Africa;0,34719;0,90981;0,43653;145;3,739;0,19625;1;
Yemen;Yemen;Middle East and Northern Africa;0,57939;0,47493;0,2287;147;3,724;0,31048;1;
Madagascar;Madagascar;Sub-Saharan Africa;0,27954;0,46115;0,13684;148;3,695;0,37109;1;
Tanzania;Tanzania;Sub-Saharan Africa;0,47155;0,77623;0,3176;149;3,666;0,357;1;
Liberia;Liberia;Sub-Saharan Africa;0,10706;0,50353;0,25748;150;3,622;0,23165;1;
Guinea;Guinea;Sub-Saharan Africa;0,22415;0,3109;0,30953;151;3,607;0,18829;1;
Rwanda;Rwanda;Sub-Saharan Africa;0,32846;0,61586;0,5432;152;3,515;0,31865;1;
Benin;Benin;Sub-Saharan Africa;0,39499;0,10419;0,39747;153;3,484;0,21028;1;
Afghanistan;Afghanistan;Southern Asia;0,38227;0,11037;0,1643;154;3,36;0,17344;1;
Togo;Togo;Sub-Saharan Africa;0,28123;0;0,34678;155;3,303;0,24811;1;
Syria;Syria;Middle East and Northern Africa;0,74719;0,14866;0,06912;156;3,069;0,62994;1;
Burundi;Burundi;Sub-Saharan Africa;0,06831;0,23442;0,0432;157;2,905;0,15747;1;
Norway;Norway;;1,616463184;1,533523560;0,635422587;1;7,537000179;0,796666503;1;
Denmark;Denmark;;1,482383013;1,551121593;0,626006722;2;7,521999836;0,792565525;1;
Iceland;Iceland;;1,480633020;1,610574007;0,627162635;3;7,504000187;0,833552122;1;
Switzerland;Switzerland;;1,564979553;1,516911745;0,620070577;4;7,493999958;0,858131289;1;
Finland;Finland;;1,443571925;1,540246725;0,617950857;5;7,468999863;0,809157670;1;
Netherlands;Netherlands;;1,503944635;1,428939223;0,585384488;6;7,376999855;0,810696125;1;
Canada;Canada;;1,479204416;1,481348991;0,611100912;7;7,315999985;0,834557652;1;
New Zealand;New Zealand;;1,405706048;1,548195124;0,614062130;8;7,314000130;0,816759706;1;
Sweden;Sweden;;1,494387269;1,478162169;0,612924099;9;7,283999920;0,830875158;1;
Australia;Australia;;1,484414935;1,510041952;0,601607382;10;7,283999920;0,843886793;1;
Israel;Israel;;1,375382423;1,376289964;0,405988604;11;7,212999821;0,838404000;1;
Costa Rica;Costa Rica;;1,109706283;1,416403651;0,580131650;12;7,078999996;0,759509265;1;
Austria;Austria;;1,487097263;1,459944963;0,567766190;13;7,006000042;0,815328419;1;
United States;United States;;1,546259284;1,419920564;0,505740523;14;6,993000031;0,774286628;1;
Ireland;Ireland;;1,535706639;1,558231115;0,573110342;15;6,977000237;0,809782624;1;
Germany;Germany;;1,487923384;1,472520351;0,562511384;16;6,951000214;0,798950732;1;
Belgium;Belgium;;1,463780761;1,462312698;0,539770722;17;6,890999794;0,818091869;1;
Luxembourg;Luxembourg;;1,741943598;1,457583666;0,596627891;18;6,862999916;0,845089495;1;
United Kingdom;United Kingdom;;1,441633940;1,496460080;0,508190036;19;6,714000225;0,805335939;1;
Chile;Chile;;1,252784610;1,284024954;0,376895279;20;6,651999950;0,819479704;1;
United Arab Emirates;United Arab Emirates;;1,626343369;1,266410232;0,608345270;21;6,647999763;0,726798236;1;
Brazil;Brazil;;1,107353210;1,431306005;0,437453747;22;6,635000229;0,616552353;1;
Czech Republic;Czech Republic;;1,352682352;1,433885217;0,490946174;23;6,609000206;0,754444003;1;
Argentina;Argentina;;1,185295463;1,440451145;0,494519204;24;6,598999977;0,695137084;1;
Mexico;Mexico;;1,153183818;1,210862160;0,412730008;25;6,578000069;0,709978998;1;
Singapore;Singapore;;1,692277670;1,353814363;0,549840569;26;6,572000027;0,949492395;1;
Malta;Malta;;1,343279839;1,488411665;0,588767052;27;6,526999950;0,821944237;1;
Uruguay;Uruguay;;1,217559695;1,412227869;0,579392254;28;6,453999996;0,719216824;1;
Guatemala;Guatemala;;0,872001946;1,255585194;0,531310618;29;6,453999996;0,540239990;1;
Panama;Panama;;1,233748436;1,373192549;0,550026834;30;6,452000141;0,706156135;1;
France;France;;1,430923462;1,387776852;0,470222116;31;6,441999912;0,844465852;1;
Thailand;Thailand;;1,127868772;1,425792456;0,580200732;32;6,423999786;0,647239029;1;
Taiwan Province of China;Taiwan Province of China;;1,433626533;1,384565353;0,361466587;33;6,421999931;0,793984234;1;
Spain;Spain;;1,384397864;1,532090902;0,408781230;34;6,402999878;0,888960600;1;
Qatar;Qatar;;1,870765686;1,274296880;0,604130983;35;6,375;0,710098088;1;
Colombia;Colombia;;1,070622325;1,402182937;0,477487415;36;6,356999874;0,595027924;1;
Saudi Arabia;Saudi Arabia;;1,530623555;1,286677599;0,449750572;37;6,343999863;0,590148330;1;
Trinidad and Tobago;Trinidad and Tobago;;1,361355901;1,380228519;0,518630743;38;6,168000221;0,519983292;1;
Kuwait;Kuwait;;1,632952452;1,259698749;0,496337593;39;6,105000019;0,632105708;1;
Slovakia;Slovakia;;1,325393558;1,505059242;0,295817465;40;6,098000050;0,712732911;1;
Bahrain;Bahrain;;1,488412261;1,323110461;0,536746919;41;6,086999893;0,653133035;1;
Malaysia;Malaysia;;1,291215420;1,284646034;0,402264982;42;6,084000111;0,618784428;1;
Nicaragua;Nicaragua;;0,737299204;1,287215710;0,447551847;43;6,071000099;0,653095961;1;
Ecuador;Ecuador;;1,000820398;1,286168814;0,455198199;44;6,007999897;0,685636222;1;
El Salvador;El Salvador;;0,909784496;1,182125092;0,432452530;45;6,002999783;0,596018553;1;
Poland;Poland;;1,291787863;1,445711970;0,520342112;46;5,973000050;0,699475348;1;
Uzbekistan;Uzbekistan;;0,786441088;1,548969150;0,658248663;47;5,971000195;0,498272628;1;
Italy;Italy;;1,395066619;1,444923282;0,256450713;48;5,964000225;0,853144348;1;
Russia;Russia;;1,281778097;1,469282389;0,373783112;49;5,962999821;0,547349334;1;
Belize;Belize;;0,907975316;1,081417799;0,547509372;50;5,955999851;0,450191766;1;
Japan;Japan;;1,416915178;1,436337829;0,505625546;51;5,920000076;0,913475871;1;
Lithuania;Lithuania;;1,314582348;1,473516107;0,234231785;52;5,901999950;0,628949940;1;
Algeria;Algeria;;1,091864467;1,146217465;0,233335808;53;5,872000217;0,617584646;1;
Latvia;Latvia;;1,260748625;1,404714942;0,325707912;54;5,849999905;0,638566971;1;
South Korea;South Korea;;1,401678443;1,128274441;0,257921666;55;5,837999821;0,900214076;1;
Moldova;Moldova;;0,728870630;1,251825571;0,240729049;56;5,837999821;0,589465201;1;
Romania;Romania;;1,217683911;1,150091290;0,457003742;57;5,824999809;0,685158312;1;
Bolivia;Bolivia;;0,833756566;1,227619052;0,558732927;58;5,822999954;0,473630250;1;
Turkmenistan;Turkmenistan;;1,130776763;1,493149161;0,418271929;59;5,822000027;0,437726080;1;
Kazakhstan;Kazakhstan;;1,284556270;1,384369016;0,437454283;60;5,818999767;0,606041551;1;
North Cyprus;North Cyprus;;1,346911311;1,186303377;0,471203625;61;5,809999943;0,834647238;1;
Slovenia;Slovenia;;1,341205955;1,452518821;0,572575808;62;5,757999897;0,790828228;1;
Peru;Peru;;1,035225272;1,218770385;0,450002879;63;5,715000153;0,630166113;1;
Mauritius;Mauritius;;1,189395547;1,209560990;0,491247326;64;5,629000187;0,638007462;1;
Cyprus;Cyprus;;1,355938077;1,131363273;0,355111539;65;5,620999813;0,844714701;1;
Estonia;Estonia;;1,320879340;1,476671100;0,479131430;66;5,611000061;0,695168316;1;
Belarus;Belarus;;1,156557560;1,444945216;0,295400262;67;5,568999767;0,637714267;1;
Libya;Libya;;1,101803064;1,357564330;0,465733230;68;5,525000095;0,520169020;1;
Turkey;Turkey;;1,198274374;1,337753177;0,300740600;69;5,5;0,637605608;1;
Paraguay;Paraguay;;0,932537317;1,507284880;0,473507792;70;5,493000031;0,579250693;1;
Hong Kong S.A.R., China;Hong Kong S.A.R., China;;1,551674843;1,262790918;0,490968645;71;5,472000122;0,943062425;1;
Philippines;Philippines;;0,857699215;1,253917575;0,585214674;72;5,429999828;0,468009055;1;
Serbia;Serbia;;1,069317579;1,258189797;0,208715528;73;5,394999981;0,650784671;1;
Jordan;Jordan;;0,991012394;1,239088893;0,418421149;74;5,335999966;0,604590058;1;
Hungary;Hungary;;1,286011934;1,343133092;0,175863519;75;5,323999882;0,687763453;1;
Jamaica;Jamaica;;0,925579309;1,368218064;0,474307239;76;5,310999870;0,641022384;1;
Croatia;Croatia;;1,222556233;0,967983007;0,255772293;77;5,293000221;0,701288521;1;
Kosovo;Kosovo;;0,951484382;1,137853503;0,260287941;78;5,278999805;0,541452050;1;
China;China;;1,081165791;1,160837412;0,472787708;79;5,272999763;0,741415501;1;
Pakistan;Pakistan;;0,726883531;0,672690690;0,235215262;80;5,269000053;0,402047783;1;
Indonesia;Indonesia;;0,995538592;1,274444699;0,443323463;81;5,262000084;0,492345721;1;
Venezuela;Venezuela;;1,128431201;1,431337595;0,153997123;82;5,25;0,617144227;1;
Montenegro;Montenegro;;1,121129036;1,238376498;0,194989055;83;5,236999989;0,667464674;1;
Morocco;Morocco;;0,878114581;0,774864435;0,408158332;84;5,235000134;0,597710669;1;
Azerbaijan;Azerbaijan;;1,153601766;1,152400255;0,398155838;85;5,234000206;0,540775776;1;
Dominican Republic;Dominican Republic;;1,079373837;1,402416706;0,552589834;86;5,230000019;0,574873745;1;
Greece;Greece;;1,289487481;1,239414573;0,095731251;87;5,227000237;0,810198903;1;
Lebanon;Lebanon;;1,074987531;1,129624248;0,288515985;88;5,224999905;0,735081077;1;
Portugal;Portugal;;1,315175295;1,367043018;0,498465300;89;5,195000172;0,795843542;1;
Bosnia and Herzegovina;Bosnia and Herzegovina;;0,982409418;1,069335938;0,204403177;90;5,182000160;0,705186307;1;
Honduras;Honduras;;0,730573118;1,143944979;0,348079860;91;5,181000233;0,582569480;1;
Macedonia;Macedonia;;1,064577937;1,207893014;0,325905979;92;5,175000191;0,644948184;1;
Somalia;Somalia;;0,022643184;0,721151352;0,602126956;93;5,151000023;0,113989137;1;
Vietnam;Vietnam;;0,788547575;1,277491331;0,571055591;94;5,073999882;0,652168989;1;
Nigeria;Nigeria;;0,783756256;1,215770483;0,394952565;95;5,073999882;0,056915730;1;
Tajikistan;Tajikistan;;0,524713635;1,271463275;0,471566707;96;5,040999889;0,529235125;1;
Bhutan;Bhutan;;0,885416389;1,340126514;0,501537681;97;5,011000156;0,495879292;1;
Kyrgyzstan;Kyrgyzstan;;0,596220076;1,394238591;0,454943389;98;5,004000187;0,553457797;1;
Nepal;Nepal;;0,479820192;1,179283261;0,440305948;99;4,961999893;0,504130781;1;
Mongolia;Mongolia;;1,027235866;1,493011236;0,394143969;100;4,954999924;0,557783484;1;
South Africa;South Africa;;1,054698706;1,384788632;0,479246736;101;4,828999996;0,187080070;1;
Tunisia;Tunisia;;1,007265806;0,868351460;0,289680690;102;4,804999828;0,613212049;1;
Palestinian Territories;Palestinian Territories;;0,716249228;1,155647159;0,254711062;103;4,775000095;0,565666974;1;
Egypt;Egypt;;0,989701807;0,997471392;0,282110155;104;4,735000134;0,520187259;1;
Bulgaria;Bulgaria;;1,161459088;1,434379458;0,289231718;105;4,714000225;0,708217680;1;
Sierra Leone;Sierra Leone;;0,368420929;0,984136045;0,318697691;106;4,709000111;0,005564754;1;
Cameroon;Cameroon;;0,564305365;0,946018219;0,430388749;107;4,695000172;0,132892117;1;
Iran;Iran;;1,156873107;0,711551249;0,249322608;108;4,691999912;0,639333189;1;
Albania;Albania;;0,996192753;0,803685248;0,381498635;109;4,644000053;0,731159747;1;
Bangladesh;Bangladesh;;0,586682975;0,735131741;0,478356659;110;4,607999802;0,533241034;1;
Namibia;Namibia;;0,964434326;1,098470807;0,520303547;111;4,573999882;0,338611811;1;
Kenya;Kenya;;0,560479462;1,067950726;0,452763766;112;4,552999973;0,309988350;1;
Mozambique;Mozambique;;0,234305650;0,870701015;0,480791092;113;4,550000191;0,106654435;1;
Myanmar;Myanmar;;0,367110550;1,123235941;0,514492035;114;4,545000076;0,397522569;1;
Senegal;Senegal;;0,479309022;1,179691911;0,377922267;115;4,534999847;0,409362853;1;
Zambia;Zambia;;0,636406779;1,003187299;0,461603492;116;4,513999939;0,257835895;1;
Iraq;Iraq;;1,102710485;0,978613198;0,288555533;117;4,497000217;0,501180470;1;
Gabon;Gabon;;1,198210239;1,155620217;0,312328577;118;4,465000153;0,356578588;1;
Ethiopia;Ethiopia;;0,339233845;0,864669204;0,408842742;119;4,460000038;0,353409708;1;
Sri Lanka;Sri Lanka;;1,009850144;1,259976387;0,561213255;120;4,440000057;0,625130832;1;
Armenia;Armenia;;0,900596738;1,007483721;0,198303267;121;4,375999928;0,637524426;1;
India;India;;0,792221248;0,754372597;0,469987005;122;4,315000057;0,455427617;1;
Mauritania;Mauritania;;0,648457289;1,272030830;0,096098043;123;4,291999817;0,285349280;1;
Congo (Brazzaville);Congo (Brazzaville);;0,808964252;0,832044363;0,435025871;124;4,290999889;0,289957434;1;
Georgia;Georgia;;0,950612664;0,570614934;0,309410036;125;4,285999775;0,649546981;1;
Congo (Kinshasa);Congo (Kinshasa);;0,092102349;1,229023457;0,235961348;126;4,280000210;0,191407025;1;
Mali;Mali;;0,476180494;1,281473398;0,306613743;127;4,190000057;0,169365674;1;
Ivory Coast;Ivory Coast;;0,603048921;0,904780030;0,447706193;128;4,179999828;0,048642170;1;
Cambodia;Cambodia;;0,601765096;1,006238341;0,633375823;129;4,168000221;0,429783404;1;
Sudan;Sudan;;0,659516692;1,214008570;0,014995855;130;4,138999939;0,290920824;1;
Ghana;Ghana;;0,667224824;0,873664737;0,423026294;131;4,119999886;0,295637727;1;
Ukraine;Ukraine;;0,894651949;1,394537568;0,122974776;132;4,096000195;0,575903952;1;
Uganda;Uganda;;0,381430715;1,129827738;0,443185955;133;4,080999851;0,217632607;1;
Burkina Faso;Burkina Faso;;0,350227714;1,043280005;0,324367851;134;4,032000065;0,215844259;1;
Niger;Niger;;0,161925331;0,993025005;0,363658696;135;4,027999878;0,268505007;1;
Malawi;Malawi;;0,233442038;0,512568831;0,466914654;136;3,970000029;0,315089583;1;
Chad;Chad;;0,438012987;0,953855872;0,162342027;137;3,936000109;0,041134715;1;
Zimbabwe;Zimbabwe;;0,375846535;1,083095908;0,336384207;138;3,875;0,196763754;1;
Lesotho;Lesotho;;0,521021247;1,190095186;0,390661299;139;3,808000088;0;1;
Angola;Angola;;0,858428180;1,104411960;0;140;3,795000076;0,049868666;1;
Afghanistan;Afghanistan;;0,401477218;0,581543326;0,106179520;141;3,793999910;0,180746779;1;
Botswana;Botswana;;1,122094154;1,221554995;0,505196333;142;3,766000032;0,341755509;1;
Benin;Benin;;0,431085408;0,435299844;0,425962776;143;3,657000065;0,209930211;1;
Madagascar;Madagascar;;0,305808693;0,913020372;0,189196765;144;3,644000053;0,375223309;1;
Haiti;Haiti;;0,368610263;0,640449822;0,030369857;145;3,602999926;0,277321130;1;
Yemen;Yemen;;0,591683447;0,935382247;0,249463722;146;3,592999935;0,310080916;1;
South Sudan;South Sudan;;0,397248626;0,601323128;0,147062436;147;3,591000080;0,163486004;1;
Liberia;Liberia;;0,119041793;0,872117937;0,332881182;148;3,532999992;0,229918197;1;
Guinea;Guinea;;0,244549930;0,791244686;0,348587513;149;3,506999969;0,194129139;1;
Togo;Togo;;0,305444717;0,431882530;0,380426139;150;3,494999886;0,247105569;1;
Rwanda;Rwanda;;0,368745893;0,945707023;0,581843853;151;3,470999956;0,326424807;1;
Syria;Syria;;0,777153134;0,396102607;0,081539445;152;3,461999893;0,500533342;1;
Tanzania;Tanzania;;0,511135876;1,041989803;0,390017778;153;3,348999977;0,364509284;1;
Burundi;Burundi;;0,091622569;0,629793584;0,059900753;154;2,904999971;0,151610792;1;
Central African Republic;Central African Republic;;0;0;0,270842046;155;2,693000078;0,018772686;1;
